{
  "pickPopularity": {
    "Pick_7": {
      "BB": 12.5,
      "M2": 8.333333333333332,
      "M4": 12.5,
      "NF": 16.666666666666664,
      "LD": 16.666666666666664,
      "M6": 4.166666666666666,
      "HB": 20.833333333333336,
      "PfB": 8.333333333333332
    },
    "Pick_6": {
      "BB": 4.166666666666666,
      "M4": 25.0,
      "NF": 12.5,
      "LD": 16.666666666666664,
      "M6": 8.333333333333332,
      "Bay": 16.666666666666664,
      "PfB": 16.666666666666664
    },
    "Pick_9": {
      "BB": 12.5,
      "M4": 20.833333333333336,
      "LD": 12.5,
      "NF": 4.166666666666666,
      "HB": 4.166666666666666,
      "Bay": 12.5,
      "PfB": 25.0,
      "OBB": 8.333333333333332
    },
    "Pick_8": {
      "BB": 4.166666666666666,
      "M2": 12.5,
      "LD": 33.33333333333333,
      "NF": 12.5,
      "Bay": 16.666666666666664,
      "PfB": 8.333333333333332,
      "OBB": 12.5
    },
    "Pick_13": {
      "M4": 4.166666666666666,
      "HB": 50.0,
      "Bay": 4.166666666666666,
      "PfB": 8.333333333333332,
      "OBB": 33.33333333333333
    },
    "Pick_1": {
      "M1": 33.33333333333333,
      "M5": 66.66666666666666
    },
    "Pick_3": {
      "M1": 41.66666666666667,
      "M2": 20.833333333333336,
      "M3": 33.33333333333333,
      "M5": 4.166666666666666
    },
    "Pick_2": {
      "M1": 12.5,
      "M3": 58.333333333333336,
      "M5": 29.166666666666668
    },
    "Pick_5": {
      "BB": 8.333333333333332,
      "M2": 4.166666666666666,
      "M4": 4.166666666666666,
      "M6": 79.16666666666666,
      "Bay": 4.166666666666666
    },
    "Pick_4": {
      "M1": 12.5,
      "M2": 54.166666666666664,
      "M3": 8.333333333333332,
      "LD": 12.5,
      "M6": 8.333333333333332,
      "Bay": 4.166666666666666
    },
    "Pick_10": {
      "BB": 12.5,
      "M4": 16.666666666666664,
      "NF": 25.0,
      "HB": 20.833333333333336,
      "Bay": 20.833333333333336,
      "PfB": 4.166666666666666
    },
    "Pick_11": {
      "BB": 12.5,
      "M4": 4.166666666666666,
      "LD": 4.166666666666666,
      "NF": 25.0,
      "Bay": 4.166666666666666,
      "PfB": 12.5,
      "OBB": 37.5
    },
    "Pick_12": {
      "BB": 33.33333333333333,
      "M4": 12.5,
      "NF": 4.166666666666666,
      "LD": 4.166666666666666,
      "HB": 4.166666666666666,
      "Bay": 16.666666666666664,
      "PfB": 16.666666666666664,
      "OBB": 8.333333333333332
    }
  },
  "assetPerformance": {
    "BB": 702.7916666666666,
    "M1": 615.375,
    "M2": 631.6666666666666,
    "M3": 910.0,
    "M4": 561.875,
    "M5": 807.8333333333334,
    "M6": 813.6666666666666,
    "PfB": 840.125,
    "OBB": 844.1666666666666,
    "NF": 801.2083333333334,
    "LD": 946.0416666666666,
    "HB": 868.2083333333334,
    "Bay": 694.0833333333334
  },
  "synergyPerformance": {
    "M3+OBB": 941.9090909090909,
    "Bay+LD": 929.3333333333334,
    "M3+NF": 933.3,
    "M5+PfB": 754.75,
    "Bay+M6": 732.6666666666666,
    "Bay+M4": 475.42857142857144,
    "Bay+M5": 826.1111111111111,
    "M2+M3": 780.6,
    "M6+PfB": 1044.142857142857,
    "M2+M4": 552.4,
    "Bay+M3": 936.6666666666666,
    "M2+M5": 754.75,
    "M2+M6": 616.8333333333334,
    "Bay+M1": 514.5555555555555,
    "HB+M1": 814.6666666666666,
    "Bay+OBB": 716.6,
    "HB+M3": 987.1818181818181,
    "HB+M2": 693.75,
    "M5+OBB": 778.4,
    "M2+NF": 503.0,
    "HB+M5": 925.25,
    "M6+NF": 862.0,
    "HB+M4": 671.6666666666666,
    "HB+OBB": 1119.6,
    "HB+M6": 837.7142857142857,
    "M3+PfB": 994.25,
    "LD+M6": 1066.2,
    "LD+M4": 925.6666666666666,
    "LD+M5": 917.0,
    "LD+M3": 962.0909090909091,
    "M1+M2": 621.5555555555555,
    "LD+M1": 984.0,
    "M5+M6": 769.5,
    "M1+M4": 554.8888888888889,
    "HB+LD": 1049.2727272727273,
    "M4+PfB": 713.8333333333334,
    "LD+OBB": 1026.5,
    "M6+OBB": 878.4666666666667,
    "Bay+PfB": 792.5833333333334,
    "Bay+NF": 660.0,
    "HB+PfB": 939.75,
    "M1+PfB": 765.1428571428571,
    "M1+NF": 544.2,
    "M5+NF": 833.875,
    "BB+OBB": 852.25,
    "OBB+PfB": 847.0,
    "LD+PfB": 1045.0,
    "BB+LD": 929.0,
    "LD+NF": 917.75,
    "BB+HB": 683.5714285714286,
    "M4+NF": 485.25,
    "BB+M1": 743.2,
    "BB+M2": 644.6875,
    "BB+M3": 771.25,
    "BB+M4": 612.1428571428571,
    "M2+OBB": 802.8,
    "BB+M5": 824.6666666666666,
    "BB+M6": 607.7142857142857,
    "NF+OBB": 906.6,
    "BB+Bay": 853.2,
    "M3+M6": 1014.0,
    "HB+NF": 1033.3333333333333
  }
}